[
  {
    "id": 0,
    "name": "Open Test",
    "picture": "images/Boo.png",
    "age": "Open test Integration",
    "breed": "Generic Employee 1",
    "location": "RDI Office"
  },
  {
    "id": 1,
    "name": "Open Test",
    "picture": "images/mike.jpg",
    "age": "Open test Basics",
    "breed": "Generic Employee 2",
    "location": "Pune Capegemini Office"
  },
  {
    "id": 2,
    "name": "TAC",
    "picture": "images/sully.png",
    "age": "TAC Report Review",
    "breed": "Generic Employee 3",
    "location": "US Capgemini Office"
  },
  {
    "id": 3,
    "name": "NP# Development",
    "picture": "images/Roz.png",
    "age": "Topology schema",
    "breed": "Generic Employee 4",
    "location": "RDI Office"
  },
  {
    "id": 4,
    "name": "NP# Development",
    "picture": "images/Boo.png",
    "age": "Waycore Plugin",
    "breed": "Generic Employee 5",
    "location": "US Capgemini Office"
  },
  {
    "id": 5,
    "name": "Git",
    "picture": "images/mike.jpg",
    "age": "Git basics",
    "breed": "Generic Employee 6",
    "location": "RDI Office"
  },
  {
    "id": 6,
    "name": "Jira",
    "picture": "images/sully.png",
    "age": "Raise Issue ticket",
    "breed": "Generic Employee 7",
    "location": "Cap Brasil Office"
  },
  {
    "id": 7,
    "name": "Team City",
    "picture": "images/sully.png",
    "age": "How to run a build",
    "breed": "Generic Employee 8",
    "location": "RDI Office"
  },
  {
    "id": 8,
    "name": "Open test",
    "picture": "images/Roz.png",
    "age": "Find kiosk x-path",
    "breed": "Generic Employee 9",
    "location": "Cap Brasil Office"
  },
  {
    "id": 9,
    "name": "Open test",
    "picture": "images/Boo.png",
    "age": "Create test case",
    "breed": "Generic Employee 10",
    "location": "RDI Office"
  },
  {
    "id": 10,
    "name": "TAC",
    "picture": "images/sully.png",
    "age": "Schedule Regression",
    "breed": "Generic Employee 11",
    "location": "RDI Office"
  },
  {
    "id": 11,
    "name": "TAC",
    "picture": "images/Roz.png",
    "age": "Schedule Regression",
    "breed": "Generic Employee 12",
    "location": "RDI Office"
  }
  
]
